<application>
  <component name="FileTypeManager" version="17">
    <extensionMap>
      <mapping pattern="*.js.flow" type="Flow" />
      <mapping pattern="*.js.flow" type="Flow" />
      <mapping ext="dist" type="PHP" />
      <mapping pattern="generate_images" type="PLAIN_TEXT" />
      <mapping pattern=".gitlab-ci" type="PLAIN_TEXT" />
      <mapping pattern=".auth" type="PLAIN_TEXT" />
      <mapping pattern=".authfile" type="PLAIN_TEXT" />
      <mapping pattern=".dev-authfile" type="PLAIN_TEXT" />
      <mapping pattern=".autfile" type="PLAIN_TEXT" />
      <mapping pattern="Security.html.twig" type="PLAIN_TEXT" />
      <mapping pattern="1" type="PLAIN_TEXT" />
      <mapping pattern=".php_cs.cache" type="PLAIN_TEXT" />
      <mapping pattern="pribor" type="PLAIN_TEXT" />
      <mapping pattern="df" type="PLAIN_TEXT" />
      <mapping ext="legacy" type="PLAIN_TEXT" />
      <mapping ext="dev" type="PLAIN_TEXT" />
      <mapping ext="meta" type="Vue.js" />
    </extensionMap>
  </component>
</application>